 rec_name,rec_instructions,cooking_time,serving_pax,cuisine,rec_type,ingredients,quantity,rec_photo
Honey Mustard Grilled Chicken  ,"Preheat the grill for medium heat.
In a shallow bowl, mix the mustard, honey, mayonnaise, and steak sauce. Set aside a small amount of the honey mustard sauce for basting, and dip the chicken into the remaining sauce to coat.
Lightly oil the grill grate. Grill chicken over indirect heat for 18 to 20 minutes, turning occasionally, or until juices run clear. Baste occasionally with the reserved sauce during the last 10 minutes. Watch carefully to prevent burning!",35,4,Western,Dinner,"Mustard,Honey,Mayonnaise,Steak Sauce,Chicken","78.9,59.1,29.6,4.9,400",https://images.media-allrecipes.com/userphotos/560x315/438013.jpg
Shrimp and Dill Deviled Eggs  ,"Place eggs in a medium saucepan and cover with cold water. Bring water to a boil and immediately remove from heat. Cover and let eggs stand in hot water for 10 to 12 minutes. Remove from hot water, cool and peel.
Slice eggs in half lengthwise. Remove yolks. Set aside whites.
In a medium bowl, mash egg yolks with a fork. Mix together with mayonnaise, shrimp, green onions, fresh dill weed, lime juice, prepared Dijon-style mustard, hot pepper sauce and ground black pepper.
Spoon approximately 1 tablespoon egg yolk mixture into each egg white. Garnish with fresh dill weed. Chill in the refrigerator until serving.",50,4,Western,Snack,"Egg,Mayonnaise,Shrimp,Green Onion,Dill,Lime Juice,Mustard,Hot Pepper,Black Pepper","4,60,127.6,28.3,15,14.8,9.8,0.6,5",https://images.media-allrecipes.com/userphotos/250x250/430835.jpg
Chili Cheese Squares  ,"Preheat oven to 350 degrees F (175 degrees C).
In a 9x13 inch baking dish, place 1/2 of the shredded Cheddar cheese. Top with green chile peppers. Top the  chiles with the remaining cheese.
In a blender, mix eggs with the juice from the chile peppers. Pour the egg mixture over the cheese mixture.
Bake in the preheated oven 30 to 40 minutes. Cool before cutting into squares.",50,5,Mexican,Snack,"Cheddar,Chili Pepper,Egg","453.6,113.4,12",https://images.media-allrecipes.com/userphotos/560x315/1009327.jpg
Kecia's Broccoli Salad,"Place bacon in a large, deep skillet. Cook over medium high heat until evenly brown. Drain, crumble and set aside to cool.  In a large bowl toss the broccoli florets, bacon, green onions, raisins and peanuts together.
In a small bowl whisk the vinegar, sugar and mayonnaise together. Pour half of the dressing over the broccoli mixture and refrigerate. Let marinate overnight. Just before serving top with remaining dressing.",810,4,Western,Brunch,"Broccoli,Bacon,Green Onion,Raisin,Peanut,Vinegar,White Sugar,Mayonnaise","225,453.6,100,128,128,44.4,100,100",https://images.media-allrecipes.com/userphotos/250x250/422820.jpg
Mexican Coffee  ,"Pour sugar and hot water into a coffee mug. Stir in the coffee and liqueur, and then spoon whipped cream gently on top of the coffee.",5,1,Mexican,Dessert,"Sugar,Water,Coffee,Liqueur,Cream","4,30,102,30,14.3",https://images.media-allrecipes.com/userphotos/560x315/2107174.jpg
Reuben Sandwich I  ,"Heat medium skillet over medium heat.  Butter bread on one side.  Place one slice of bread, buttered side down, in skillet.  Layer corned beef, sauerkraut and mozzarella on bread.  Top with remaining slice of bread.  Cook, turning once,  until bread is browned, sandwich is heated through and cheese is melted.  Serve immediately.",5,1,Western,Brunch,"Bread,Butter,Beef,Sauerkraut,Mozzarella","2,17.1,56.6,56.6,17",https://images.media-allrecipes.com/userphotos/250x250/225943.jpg
Strawberry Banana Blend  ,In a blender combine the bananas and strawberries. Blend on medium speed until smooth. Blend in the peaches and orange juice. Scoop in the sorbet. Blend until smooth.,30,4,Western,Dessert,"Banana,Strawberry,Peach,Orange Juice","2,15,64,78.9",https://images.media-allrecipes.com/userphotos/560x315/1043966.jpg
Hot Buttered Rum Batter  ,"Melt butter in a large pot over medium heat. Blend in brown sugar and confectioners'' sugar. Remove from heat, and whisk in the ice cream, cinnamon, and nutmeg. Pour mixture into a plastic container, seal, and freeze.
In a coffee mug, measure 1 tablespoon Hot Buttered Rum Batter and 1 fluid ounce of rum, then fill cup with boiling water. Stir, and sprinkle top of drink with nutmeg.",40,2,Western,Dessert,"Butter,Brown Sugar,Sugar,Ice Cream,Cinnamon,Nutmeg","453.6,453.6,453.6,946.4,17,4.9",https://images.media-allrecipes.com/userphotos/560x315/1123112.jpg
Jeera (Cumin) Rice  ,"Heat the oil in a medium size saucepan over a medium-high heat. Drop in the cumin seeds, and cook until they splutter. Do not allow the cumin seeds to burn or become really dark brown in color. Add the rice and fry it in the oil for about 1 minute.
Add the water and salt and bring to a boil. Once the water is boiling, reduce the heat to low and cover the saucepan. Cook the rice for approximately 15 minutes. If you feel the rice is getting burnt near the base of the pan as it cooks, one trick is to place the saucepan on another flat pan or griddle which is directly on the flame. Toss with a fork.",20,2,Indian,Dinner,"Vegetable Oil,Cumin,Rice,Water,Salt","29.6,2.5,128,414,1",https://images.media-allrecipes.com/userphotos/250x250/307084.jpg
Oven Fried Potatoes II  ,"Preheat oven to 425 degrees F (220 degrees C).  Line a baking sheet with aluminum foil and spray with vegetable cooking spray.
In a shallow bowl combine oil and lemon juice.  Dip potatoes in oil/lemon mixture and season with salt and pepper, to taste.  Place on baking sheet.
Bake in preheated oven for 20 minutes.  Remove from oven and turn wedges over.  Return to oven and continue cooking until crisp and brown on both sides, about 10 minutes more.",40,2,Western,Snack,"Vegetable Oil,Lemon Juice,Potato,Pepper","14.8,14.8,141.5,1",https://images.media-allrecipes.com/userphotos/560x315/2290256.jpg
Light Oat Bread  ,Add ingredients to bread machine pan in order recommended by your manufacturer. Use regular light setting.,185,2,Western,Breakfast,"Water,Margarine,Salt,Flour,Oat,Brown Sugar,Yeast","295.7,28.3,4.9,384,100,28.3,7.5",https://images.media-allrecipes.com/userphotos/560x315/257322.jpg
Albondigas Soup III  ,"Pour the water into a large pot over high heat and bring to a boil.
Meanwhile, in a large bowl, combine the ground beef, rice, egg, oregano, garlic salt, ground black pepper and cumin. Mix well and form into 1 inch meatballs.
Roll the meatballs in the flour, coating well, and carefully drop them in the boiling water. Reduce heat to low and simmer for 45 minutes, stirring frequently, and making sure soup does not get too thick.
Add more water, if necessary, and add the potatoes to the soup. Simmer for 1 more hour, or until potatoes are tender. Season with salt and pepper to taste.
",110,4,Mexican,Dinner,"Water,Ground Beef,Rice,Egg,Oregano,Salt,Black Pepper,Cumin,Flour,Potato,Pepper","1892.7,453.6,113,1,28.3,8.4,8.4,1.42,113,198.1,1",https://images.media-allrecipes.com/userphotos/560x315/3442121.jpg
Individual Beef Wellingtons  ,"'In a large skillet over medium heat, combine the mushrooms, onion, sherry, butter or margarine and parsley and saute until all the liquid is absorbed and the mixture resembles a paste. Cover the top of each steak with the mixture.",45,3,Western,Dinner,"Mushroom,Onion,Sherry,Butter,Parsley,Beef Tenderloin,Pastry","453.6,52,118.3,57,57,226.8,1",https://images.media-allrecipes.com/userphotos/560x315/4460127.jpg
Jan's Chocolate Cake,"Preheat oven to 350 degrees F (175 degrees C). If using layers, grease and line the pans with parchment paper.  If using a 9 X 13 pan, grease and dust with cocoa powder. Sift together the cocoa, flour, baking soda and salt. Set aside.
In a large bowl, cream together the butter and sugar until light and fluffy. Beat in the eggs one at a time.  Alternately beat in the flour mixture and the buttermilk, mixing just until incorporated. Add the boiling water and beat for one full minute.
Bake in the preheated oven for 30 to 40 minutes, or until a toothpick inserted into the center of the cake comes out clean. Allow to cool.
",50,20,Western,Dessert,"Butter,White Sugar,Egg,Buttermilk,Cocoa Powder,Flour,Baking Soda,Salt,Water","128,256,2,236.6,113,591.5,8.4,2.5,236.6",https://images.media-allrecipes.com/userphotos/250x250/360092.jpg
Corn Cornbread  ,"Preheat oven to 375 degrees F (190 degrees C). Grease a 9x5 inch loaf pan.
In a large bowl, mix together corn, sour cream, eggs and melted butter. Gradually stir in the cornmeal, sugar and applesauce. Pour into the prepared pan.
Bake at 375 degrees F (190 degrees C) for 25 minutes, or until a toothpick inserted into the center of the loaf comes out clean.",35,7,Western,Breakfast,"Corn,Sour Cream,Egg,Butter,Cornmeal,White Sugar,Applesauce","425.2,128,2,57,160,14.3,28.6",https://images.media-allrecipes.com/userphotos/250x250/685576.jpg
Baked Sesame Chicken  ,"Preheat oven to 400 degrees F (200 degrees C).
Place soy sauce in a 9x13 inch baking dish. On a piece of wax paper, mix together the sesame seeds, flour, salt and pepper. Dip the chicken pieces in the soy sauce to coat, then dredge in the sesame seed mixture. Arrange in baking dish in a single layer, then drizzle with melted butter.
Bake at 400 degrees F (200 degrees C) for approximately 40 minutes, or until chicken is cooked through and tender and juices run clear. Baste with drippings once during cooking time. Garnish with extra sesame seeds if desired, and serve.",45,2,Chinese,Dinner,"Soy Sauce,Sesame,Flour,Salt,Black Pepper,Chicken,Butter","29.6,35.5,15,1.5,1,688,28.4",https://images.media-allrecipes.com/userphotos/560x315/2187003.jpg
Bourbon Whipped Cream  ,"In a medium bowl, whip cream until soft mounds form. Gradually add sugar, whipping until cream forms stiff peaks. Gently fold in bourbon. Chill until ready to serve.",5,2,Western,Dessert,"Whipping Cream,White Sugar,Bourbon","240,25,22.2",https://images.media-allrecipes.com/userphotos/560x315/1749752.jpg
Spicy Potato Soup I  ,"In a saucepan, fry potatoes in oil until golden brown.
Stir in peppers, water, and seasonings.  Cover, and simmer until potatoes are tender.",50,6,Western,Dinner,"Potato,Bell Pepper,Chili,Salt,Black Pepper,Paprika,Vegetable Oil,Water","271.7,238,9.15,3,3,3,29.6,1892.8",https://images.media-allrecipes.com/userphotos/560x315/712487.jpg
Fish Chowder I  ,"In a large stock pot cover potatoes with enough water so they are fully covered.  Bring to boil, then reduce to a simmer.
In a saute pan cook onion and bacon, over medium heat, until onions are soft.  Add to potato mixture.
Once potatoes become soft, and the broth has a milky look to it, add cut up fish fillets.  Heat until fish fillets are cooked through.
Add enough milk product to bring soup to your desired taste and texture.  Season with white pepper and serve.",45,4,Western,Dinner,"Potato,Onion,Bacon,Haddock,Milk,Pepper","158.48,123,32,113.4,118.3,1.25",https://images.media-allrecipes.com/userphotos/560x315/776279.jpg
Peanut Butter Cup Bars  ,"Line the bottom of a 10x15 inch jellyroll pan with graham crackers. In a medium bowl, cream together the butter, confectioners'' sugar and peanut butter until smooth. Spread over the graham crackers, and chill until firm, about 15 minutes.
Melt chocolate chips in a bowl over simmering water or in the microwave oven, stirring frequently. Spread over the layer of chilled peanut butter mixture. Refrigerate until firm, then cut into squares. These keep well placed between sheets of waxed paper in an air-tight container in the fridge.",165,12,Western,Dessert,"Crackers,Butter,Sugar,Peanut Butter,Chocolate","128,151.2,402,240,320",https://images.media-allrecipes.com/userphotos/560x315/810368.jpg
Extra Easy Hummus  ,"In a blender or food processor combine garbanzo beans, garlic, cumin, salt and olive oil.  Blend on low speed, gradually adding reserved bean liquid, until desired consistency is achieved.",5,4,Others,Snack,"Bean,Garlic,Cumin,Salt,Peanut Oil","425.2,5,8.4,2.5,14.8",https://images.media-allrecipes.com/userphotos/560x315/588854.jpg
Grilled Marinated Salmon  ,"In a medium bowl, combine the soy sauce, vinegar, sugar, oil, mustard powder, ginger and ground black pepper.
Place the salmon in a shallow, nonporous dish and pour the marinade over the salmon. Cover and marinate in the refrigerator for at least 1 hour, turning occasionally.
Preheat an outdoor grill for medium high heat and lightly oil grate.
Grill the fish for about 3 to 4 minutes per side, or to desired doneness.",105,4,Western,Dinner,"Soy Sauce,Rice Vinegar,White Sugar,Vegetable Oil,Mustard,Ginger,Black Pepper,Salmon","59.1,59.1,25,29.6,4.9,4.9,4.9,907.2",https://images.media-allrecipes.com/userphotos/560x315/72953.jpg
Beef Bourguignon II  ,"In a small bowl, combine the flour, salt and ground black pepper. Coat the beef cubes with this mixture.
Melt the butter or margarine in a large skillet over medium high heat. Add the meat and brown well on all sides. Pour this into a 2 quart casserole dish.
Return the skillet to the heat and add the onion, carrots and garlic to it. Saute for 5 to 10 minutes, or until onion is tender. add the wine, bay leaf, parsley, thyme, and liquid from the mushrooms. Pour over meat.
Bake, covered, at 350 degrees F (175 degrees C) for 2 1/2 hours. Remove cover, add canned onions and mushroom crowns, and bake for 30 more minutes.",200,2,Western,Lunch,"Flour,Salt,Black Pepper,Meat,Butter,Onion,Carrot,Garlic,Red Wine,Bay Leaf,Parsley,Thyme,Mushroom","30,4.92,2.46,907.2,56.7,250,575.6,5,473.4,5,42.52,2.5,170.1",https://images.media-allrecipes.com/userphotos/560x315/282766.jpg
Allison's Pasta Salad,"Cook pasta in a large pot of boiling water until al dente. Drain, and rinse in cold water.
In a small bowl, mix together mayonnaise, sour cream, cider vinegar, mustard, sugar, black pepper, dill weed, and salt.
In a large bowl, combine pasta, grapes, ham, green onions, and cheese.  Toss with dressing.  Cover, and chill overnight or for at least 6 hours.",30,8,Western,Lunch,"Pasta,Mayonnaise,Sour Cream,Vinegar,Mustard,White Sugar,Black Pepper,Dill,Salt,Grape,Ham,Green Onion,Cheddar","350,115,115,29.6,22.5,4.92,2.46,1.23,1.23,200,200,52,200",https://images.media-allrecipes.com/userphotos/560x315/1122959.jpg
Delicious Southern Cornbread  ,"Preheat oven to 400 degrees F (200 degrees C). In an 8 inch cast iron skillet, heat vegetable oil over low heat.
In a medium bowl, mix together cornmeal, buttermilk, egg and honey. Carefully stir in the hot oil. Sprinkle skillet with remaining 1 tablespoon corn meal. Spoon mixture into skillet.
Bake in preheated oven for 22 minutes, or until firm. Serve hot.",30,,,,"Vegetable Oil,Cornmeal,Buttermilk,Egg,Honey,Cornmeal",,https://images.media-allrecipes.com/userphotos/560x315/4468174.jpg
Hot Dog Noodle Casserole  ,"Prepare spinach according to package directions. Drain and spread in the bottom of a lightly greased 9x13-inch baking dish.
Bring a large pot of lightly salted water to a boil. Add egg noodles and cook for 8 to 10 minutes or until al dente. Drain and place on top of spinach in baking dish.
Preheat oven to 350 degrees F (175 degrees C).
In a large bowl combine the soup, milk, sour cream and hot dogs. Mix together and place mixture on top of noodles.
Cover dish with aluminum foil and bake at 350 degrees F (175 degrees C) for about 45 minutes, or until heated through. Sprinkle with peas and bacon and heat in oven until peas are just hot.",80,,,,"Spinach,Noodle,Mushroom,Milk,Sour Cream,Ice,Pea,Bacon",,https://images.media-allrecipes.com/userphotos/560x315/2193273.jpg
Zesty Porcupine Meatballs  ,"Lightly beat egg with a fork, then add a heaping tablespoon of the soup and mix lightly. Mix in rice, onion, parsley, onion salt and pepper. Stir in the ground beef and mix well with hands. From mixture into 1 1/2 inch round meatballs.
Coat a large skillet over medium heat with cooking spray. Cook meatballs and brown on all sides.
Combine remaining soup with Worcestershire (you can increase or decrease Worcestershire to your liking), stir until smooth, then spoon over meatballs. Cover with lid and simmer for 20 to 30 minutes, stirring every few minutes.",40,,,,"Egg,Tomato,Rice,Onion,Parsley,Onion,Black Pepper,Ground Beef,Worcestershire Sauce",,https://images.media-allrecipes.com/userphotos/250x250/709422.jpg
Harvest Rice Dish  ,"Place almonds on an ungreased baking sheet. Toast at 350 degrees F (175 degrees C) for 5 to 8 minutes.
Mix broth, brown rice, and wild rice in a medium saucepan, and bring to boil. Reduce heat to low, cover, and simmer 45 minutes, until rice is tender and broth is absorbed.
In medium skillet, melt butter over medium-high heat. Add onions and brown sugar. Saute until butter is absorbed and onions are translucent and soft. Reduce heat, and cook onions for another 20 minutes, until they are caramelized.
Stir cranberries and mushrooms into the skillet. Cover, and cook 10 minutes or until berries start to swell. Stir in almonds and orange zest, then fold the mixture into the cooked rice. Salt and pepper to taste.",105,,,,"Almond,Chicken Broth,Brown Rice,Wild Rice,Butter,Onion,Brown Sugar,Cranberry,Mushroom,Orange,Pepper",,https://images.media-allrecipes.com/userphotos/560x315/4588147.jpg
Tasty Orange Chops  ,"In a mixing bowl, mix together vinegar, soy sauce, orange juice, onion, rosemary, sage, salt, garlic, and barbecue sauce. Place chops in a large resealable plastic bag. Pour in the marinade, and seal. Refrigerate for 6 to 8 hours, or overnight.
Preheat grill for high heat. Transfer marinade to a small saucepan, bring to a boil, and cook for several minutes.
Lightly oil preheated grill. Grill chops for 6 to 8 minutes, turning once, or to desired doneness. Brush cooked marinade over chops during the final minutes of cooking.",383,,,,"Vinegar,Soy Sauce,Orange Juice,Onion,Rosemary,Sage,Salt,Garlic,Sauce,Pork Chop",,https://images.media-allrecipes.com/userphotos/250x250/558649.jpg
Grilled Pork Tenderloin  ,"Prepare grill for indirect heat.
Season meat with garlic powder, salt, and pepper.
Lightly oil grate. Place tenderloin on grate, and position drip pan under meat. Cook over indirect heat for 30 minutes.
Brush tenderloin with barbeque sauce. Continue cooking for 15 minutes, or until an instant-read thermometer inserted into the center reads 145 degrees F (63 degrees C). Allow pork to rest for 10 minutes. Slice pork, and serve with additional barbeque sauce for dipping.",55,,,,"Pork Tenderloin,Garlic,Salt,Black Pepper,Sauce",,https://images.media-allrecipes.com/userphotos/560x315/2354433.jpg
Seven Layer Bars  ,"Preheat oven to 350 degrees F (180 degrees C).
Place butter in 13 x 9 inch pan and melt in oven. Swirl to coat bottom and sides with butter.
Spread graham cracker crumbs evenly over bottom of pan. Layer chocolate chips, butterscotch chips, and nuts over crumbs. Pour condensed milk over nuts. Sprinkle coconut over condensed milk.
Bake until edges are golden brown, about 25 minutes. Let cool before cutting into bars.",60,,,,"Butter,Ham,Chocolate,Butter,Walnut,Milk,Coconut",,https://images.media-allrecipes.com/userphotos/560x315/3624058.jpg
Mom's Chicken,"Preheat oven to 350 degrees F (175 degrees C).
In a medium bowl, combine the barbecue sauce, plum jam and onion soup mix. Place the chicken pieces in a 9x13 inch baking dish and pour mixture over the chicken, coating thoroughly.
Bake at 350 degrees F (175 degrees C) for about 1 hour, or until chicken juices run clear.",75,,,,"Chicken,Barbecue Sauce,Plum,Onion",,https://images.media-allrecipes.com/userphotos/560x315/590645.jpg
Asian Chicken Salad  ,"Prepare the dressing 30 minutes ahead of time by combining the brown sugar, soy sauce, sesame oil, salad oil, and rice vinegar in a salad dressing carafe.
To prepare the Chinese rice noodles, heat a skillet with a few tablespoons of oil and break off a little bit of the noodles and add them to the skillet and fry them. They will puff up in the skillet, so only add a few at a time. As they begin to puff up, remove and drain them on paper towels. Be sure to cook long enough as the under cooked noodles will be like eating needles. Once cooked, add them to the salad mixture.
In a large bowl combine the iceberg lettuce, cooked and shredded chicken, green onions and  toasted sesame seeds. Let chill about 10 minutes,  and just before serving add the cooked rice noodles. Serve in salad bowls and offer the dressing in a pourable container so your family can add as much dressing as they want. You can also pour the dressing over the top of the salad, toss, and serve immediately.",35,,,,"Brown Sugar,Soy Sauce,Sesame Oil,Vegetable Oil,Rice Vinegar,Noodle,Lettuce,Chicken,Green Onion,Sesame",,https://images.media-allrecipes.com/userphotos/560x315/4005100.jpg
Cocoa Fried Chicken  ,"Mix flour and cocoa powder in a shallow dish or plate. One by one, coat chicken pieces in flour mixture, then dip in beaten egg, then in seasoned bread crumbs.
Heat oil in a cast iron skillet to 350 degrees F (175 degrees C).
Fry coated chicken pieces in oil until cooked through and juices run clear (approximately 5 minutes). Drain on paper towels.",30,,,,"Flour,Cocoa Powder,Chicken,Egg,Bread,Olive",,https://images.media-allrecipes.com/userphotos/560x315/1058888.jpg
Pumpkin Bread VI  ,"Preheat an oven to 350 degrees F (175 degrees C).
Mix together flour, salt, baking soda, baking powder, allspice and nutmeg. In a large bowl, beat together vegetable oil, brown sugar, eggs, orange juice and pumpkin. Stir flour mixture into pumpkin mixture until just combined. Pour batter into prepared loaf pan.
Bake in preheated oven for 50 to 60 minutes, until a toothpick inserted into center of the loaf comes out clean.",75,,,,"Flour,Whole Wheat,Salt,Baking Soda,Baking Powder,Spice,Nutmeg,Vegetable Oil,Brown Sugar,Egg,Orange Juice,Pumpkin",,https://images.media-allrecipes.com/userphotos/250x250/133124.jpg
Slim Soup  ,"In a large pot over high heat, combine the bouillon, carrots, tomatoes, onion, celery, green bell pepper, cabbage, basil, garlic, Italian-style seasoning and water. Bring to a boil, reduce heat to low and simmer for 30 to 45 minutes, or until all vegetables are to desired tenderness.",60,,,,"Chicken,Carrot,Tomato,Onion,Celery,Bell Pepper,Cabbage,Basil,Garlic,Tea,Water",,https://images.media-allrecipes.com/userphotos/560x315/620589.jpg
Cabbage Salad I  ,"In a large bowl, combine the cabbage, carrots, green onion and mayonnaise. Salt and pepper to taste, toss and serve.",15,,,,"Cabbage,Carrot,Green Onion,Mayonnaise,Pepper",,https://images.media-allrecipes.com/userphotos/560x315/1134194.jpg
Fish In A Vegetable Patch  ,"In a small sauce pan, combine the tomato sauce, celery, green pepper, onion, carrots, lemon juice, Worcestershire sauce and salt. Bring to a boil. Reduce heat and simmer, covered, for 5 minutes.
Spoon vegetable mixture into a shallow 1 1/2 quart baking dish. Place fish filets over vegetables and spoon some of the sauce over the fish.
Bake, uncovered, at 400 degrees F (205 degrees C) for about 15 minutes or until fish flakes with a fork. Garnish with lemon twists and chopped celery.",40,,,,"Tomato Sauce,Celery,Bell Pepper,Onion,Carrot,Lemon Juice,Worcestershire Sauce,Salt,Halibut,Lemon",,https://images.media-allrecipes.com/userphotos/560x315/436325.jpg
Hamburger Soup II  ,"Place ground beef in a large, deep skillet. Cook over medium-high heat until evenly brown. Drain, crumble, and set aside.
Place a the potatoes in a layer to cover the bottom of the slow cooker. Sprinkle the celery over the potatoes, and cover with a layer of ground beef. Season each layer with salt and pepper. Throw in the carrots, onions and peas. Mix together the tomato soup and water, and pour over the top. Cover, and set to low for 6 to 8 hours.",505,,,,"Ground Beef,Potato,Celery,Pepper,Onion,Pea,Carrot,Tomato,Water",,https://images.media-allrecipes.com/userphotos/560x315/771601.jpg
Baked Fish Dinner For Two  ,"Preheat oven to 425 degrees F (220 degrees C).  Lightly oil a shallow, 2 quart baking dish.
In a medium bowl, toss the potatoes with 2 tablespoons olive oil to coat evenly. Season with salt and pepper. Spread potatoes in baking dish with 1/4 cup water.  Cover, and bake for 15 minutes.
Combine bell peppers, leek, zucchini, and celery in a medium bowl. Toss with garlic and 2 tablespoons olive oil,.  Season to taste with salt and pepper.  Spread vegetables over potatoes, add another 1/4 cup water, and cover.  Bake for 10  to 15 minutes.
Rinse, and cut fish into 1 to 1 1/2 inch cubes, and spread over vegetables.  Cover.  Bake for 10 minutes, or until fish flakes easily.  Serve with tomato and parsley or fennel garnish.",75,,,,"Olive,Potato,Pepper,Water,Bell Pepper,Leek,Zucchini,Celery,Garlic,Fish,Tomato,Parsley",,https://images.media-allrecipes.com/userphotos/560x315/5193867.jpg
Eggs Benedict  ,"To Make Hollandaise: Fill the bottom of a double boiler part-way with water. Make sure that water does not touch the top pan. Bring water to a gentle simmer. In the top of the double boiler, whisk together egg yolks, lemon juice, white pepper, Worcestershire sauce, and 1 tablespoon water.
Add the melted butter to egg yolk mixture 1 or 2 tablespoons at a time while whisking yolks constantly. If hollandaise begins to get too thick, add a teaspoon or two of hot water. Continue whisking until all butter is incorporated. Whisk in salt, then remove from heat. Place a lid on pan to keep sauce warm.
Preheat oven on broiler setting. To Poach Eggs: Fill a large saucepan with 3 inches of water. Bring water to a gentle simmer, then add vinegar. Carefully break eggs into simmering water, and allow to cook for 2 1/2 to 3 minutes. Yolks should still be soft in center. Remove eggs from water with a slotted spoon and set on a warm plate
While eggs are poaching, brown the bacon in a medium skillet over medium-high heat and toast the English muffins on a baking sheet under the broiler.
Spread toasted muffins with softened butter, and top each one with a slice of bacon, followed by one poached egg. Place 2 muffins on each plate and drizzle with hollandaise sauce. Sprinkle with chopped chives and serve immediately.",30,,,,"Egg,Lemon Juice,Pepper,Worcestershire Sauce,Water,Butter,Salt,Egg,Vinegar,Bacon,Muffin,Butter",,https://images.media-allrecipes.com/userphotos/560x315/828993.jpg
Banana Frittata  ,"In a bowl, combine the flour, salt and sugar. Gradually pour in the milk, stirring constantly, until a smooth batter is formed. Add the eggs, one at time, stirring well each addition. Stir in sliced bananas.
Heat oil and butter in a nine inch non-stick skillet over medium heat. Pour the mixture in by spoonfuls, spreading the mixture evenly across the pan. When the bottom has turned a golden brown, turn the frittata and cook over low heat until golden brown on the other side. Sprinkle with sugar and serve warm.",30,,,,"Flour,Salt,White Sugar,Milk,Egg,Banana,Vegetable Oil,Butter",,https://images.media-allrecipes.com/userphotos/560x315/388920.jpg
Sweet Pea and Noodle Salad  ,"In a large pot of salted boiling water, cook pasta until al dente, rinse under cold water and drain.
In a mixing bowl, combine the pasta, peas, onions, mayonnaise and dash of hot sauce. Mix well and chill before serving.",60,,,,"Pasta,Pea,Onion,Mayonnaise,Hot Pepper",,https://images.media-allrecipes.com/userphotos/560x315/649321.jpg
Grandmother's Pound Cake II,"Preheat oven to 350 degrees F (175 degrees C). Grease 3 - 8x4 inch loaf pans, then line with parchment paper.
In a large bowl, cream together the butter and sugar until light and fluffy. Beat in the eggs one at a time.  Beat in the flour alternately with the milk, mixing just until incorporated.
Pour batter evenly into prepared loaf pans. Bake in the preheated oven for 70 minutes, or until a toothpick inserted into the center of the cakes comes out clean.  After removing them from the oven, immediately loosen cake edges with a knife.  Allow to cool in pans for 10 minutes, then remove from the pans.  Strip off the parchment paper and cool completely on wire racks.",100,,,,"Butter,White Sugar,Egg,Flour,Milk",,https://images.media-allrecipes.com/userphotos/560x315/640745.jpg
Green Goddess Dressing III  ,"Puree vinegars, onions, parsley, anchovies, garlic, salt, and lemon juice in a blender until well combined.  Blend in mayonnaise and serve.",10,,,,"Tarragon,White Wine,Green Onion,Parsley,Anchovy,Garlic,Salt,Lemon Juice,Mayonnaise",,https://images.media-allrecipes.com/userphotos/250x250/14770.jpg
Seven Layer Dip II  ,"In a medium bowl, mash the avocados. Mix in lime juice, cilantro, salsa, garlic salt and pepper.
In a small bowl, blend the sour cream and taco seasoning.
In a 9x13 inch dish or on a large serving platter, spread the refried beans. Top with sour cream mixture. Spread on guacamole. Top with tomatoes, green onions, Mexican-style cheese blend and black olives.",20,,,,"Avocado,Lime Juice,Cilantro,Salsa,Garlic,Black Pepper,Sour Cream,Taco,Tomato,Green Onion,Bean,Cheese,Olive",,https://images.media-allrecipes.com/userphotos/560x315/2436045.jpg
Microwave Spiced Nuts  ,"Melt butter in a 4 quart glass casserole dish in the microwave. Stir in the brown sugar, nutmeg, cinnamon and water. Microwave on high for 1 minute. Stir in the nuts so they are well coated. Microwave for 4 to 5  additional minutes on high, stirring every minute.  Spread cooked nuts out onto parchment or waxed paper to cool.",12,,,,"Butter,Brown Sugar,Nutmeg,Cinnamon,Water,Pecan",,https://images.media-allrecipes.com/userphotos/560x315/3035077.jpg
"Watercress, Melon and Almond Salad  ","In a large bowl, whisk together lime juice, sugar, and ginger. Gradually add oil and season with salt and pepper to taste.
Add watercress, watermelon, and cantaloupe to dressing and toss to coat. Transfer salad to plates, sprinkle with sliced almonds and serve immediately.",15,,,,"Lime Juice,White Sugar,Ginger,Vegetable Oil,Watercress,Watermelon,Cantaloupe,Almond",,https://images.media-allrecipes.com/userphotos/560x315/1122326.jpg
Chicken Salad Balsamic  ,"In a large bowl, toss together the chicken, apple, celery, onion and walnuts.
In a small bowl, whisk together the vinegar and oil and pour over the salad.  Season with salt and pepper to taste and mix well.  Let rest 10 to 15 minutes, mix again and chill.",15,,,,"Chicken,Apple,Celery,Green Onion,Walnut,Vinegar,Olive,Pepper",,https://images.media-allrecipes.com/userphotos/560x315/1034759.jpg
Mississippi Hot Caviar  ,"In a mixing bowl, combine the black-eyed peas, green chili pepper, onion, jalapeno pepper, pimento, garlic and Italian-style dressing. Chill the mixture overnight.",812,,,,"Pea,Pepper,Onion,Chili Pepper,Pimento,Garlic,Salad Dressing",,https://images.media-allrecipes.com/userphotos/250x250/57432.jpg
New Twist To An Old Favorite  ,"In a large bowl, toss together the spinach, tomatoes, cucumber, radishes, feta and red pepper.  Top with dressing of choice and enjoy!",15,,,,"Spinach,Tomato,Cucumber,Radish,Cheese,Bell Pepper",,https://images.media-allrecipes.com/userphotos/250x250/636694.jpg
Salt and Pepper Chicken  ,"Season chicken with salt and pepper (no such thing as too much, since this is the only seasoning this dish has)!
Heat oil in a medium skillet over medium high heat and add chicken. Saute until browned, about 5 minutes each side, then add milk (enough to cover 3/4 of the chicken).
Reduce heat to low and simmer for 2 hours, uncovered. Remove chicken and use juices in skillet as a sauce.",130,,,,"Vegetable Oil,Chicken,Salt,Black Pepper,Milk",,https://images.media-allrecipes.com/userphotos/560x315/2740234.jpg
Peach Pie  ,"Mix flour, sugar and butter into crumb stage.
Place one crust in the bottom of a 9 inch pie plate.  Line the shell with some sliced peaches.  Sprinkle some of the butter mixture on top of the peaches, then put more peaches on top of the the crumb mixture.  Continue layering until both the peaches and crumbs are gone.
Top with lattice strips of pie crust.
Bake at 350 degrees F (175 degrees C) for 45 minutes, or until crust is golden.  Allow pie to cool before slicing.  Best when eaten fresh.",105,,,,"Peach,Flour,White Sugar,Butter,Pastry",,https://images.media-allrecipes.com/userphotos/560x315/697544.jpg
Cranberry Walnut Bread  ,"Preheat oven to 350 degrees F (175 degrees C). Grease three 8x4-inch loaf pans. Line bottoms with parchment paper, if desired.
Beat the butter and sugar with an electric mixer in a large bowl until light and fluffy. Add the room-temperature eggs one at a time, allowing each egg to blend into the butter mixture before adding the next. Stir in the orange zest.
Sift together the flour, salt, baking powder and baking soda. Add to the egg mixture, alternating with orange juice.
Coarsely chop the cranberries.
Pour the flour mixture into the mixing bowl alternately with the orange juice, mixing until just incorporated. Fold in the chopped cranberries and walnuts, mixing just enough to evenly combine. Divide the batter evenly among prepared pans.
Bake in the preheated oven for 30 minutes. Check for browning: cover the tops with aluminum foil to prevent them from becoming too dark. Bake until a toothpick inserted in the center of the loaves comes out clean, about 30 minutes more. Cool on wire racks.",100,,,,"Butter,White Sugar,Egg,Orange,Flour,Salt,Baking Powder,Baking Soda,Orange Juice,Cranberry,Walnut",,https://images.media-allrecipes.com/userphotos/250x250/35040.jpg
Bacon Wrapped Mushrooms  ,"Preheat oven to 400 degrees F (200 degrees C).
Wrap each mushroom with a strip of bacon, and secure with a toothpick. Arrange the mushrooms on a medium baking sheet.
Bake approximately 15 minutes in the preheated oven, until the bacon is evenly brown. Serve hot.",30,,,,"Bacon,Mushroom",,https://images.media-allrecipes.com/userphotos/250x250/795205.jpg
Squash and Apple Bake  ,"Preheat oven to 350 degrees F (175 degrees C).
In a medium bowl, stir together brown sugar, butter, flour, salt, and mace. Arrange squash in an ungreased 9x13 inch baking dish. Top with slices of apple, then sprinkle with the sugar mixture. Cover with a lid or aluminum foil.
Bake for 50 to 60 minutes in the preheated oven, or until squash is tender.",80,,,,"Brown Sugar,Butter,Flour,Salt,Mace,Butternut Squash,Apple",,https://images.media-allrecipes.com/userphotos/560x315/5851233.jpg
Orange Sherbet I  ,"Place cold water in a small bowl and sprinkle gelatin over the surface.  Allow to stand 5 minutes.
In a medium bowl, stir together boiling water,  3/4 cup sugar and soaked gelatin.  Stir until gelatin and sugar are dissolved.  Stir in orange zest, orange juice, lemon juice and egg yolk.  Set aside.
In a large bowl, whip cream with 3 tablespoons sugar and salt until stiff peaks form.  In a separate bowl, whip egg white until stiff.  Fold into whipped cream.  Stir in juice mixture a little at a time.  Pour into a shallow dish and place in freezer.  Freeze until firm, stirring twice during the first hour.",240,,,,"Water,Gelatin,Water,Sugar,Orange,Orange Juice,Lemon Juice,Egg,Cream,Sugar,Salt,Egg",,https://images.media-allrecipes.com/userphotos/250x250/191839.jpg
Artichoke Bruschetta  ,"Preheat the broiler.
In a medium bowl, mix marinated artichoke hearts, Romano cheese, red onion and mayonnaise. Top French baguette slices with equal amounts of the artichoke heart mixture. Arrange slices in a single layer on a large baking sheet.
Broil in the preheated oven 2 minutes, or until toppings are bubbly and lightly browned.",20,,,,"Artichoke,Cheese,Onion,Mayonnaise,Ice",,https://images.media-allrecipes.com/userphotos/560x315/257843.jpg
Tomato Bacon Squares  ,"Preheat oven 375 degrees F (190 degrees C).
Place bacon in a large skillet over medium heat. Fry bacon until crisp. Drain on paper towels.
Crumble bacon into a medium-size mixing bowl. Mix in bell pepper, tomatoes, and basil. In a separate small bowl, combine mayonnaise and garlic.
Roll pizza crust into a 12x15 inch rectangular baking sheet. Spread the mayonnaise mixture evenly over the crust. Sprinkle the bacon mixture over the mayonnaise, and top the entire pizza with cheese.
Bake 18 to 20 minutes or until the top is bubbly and the crust is golden brown. Cool and cut the pizza into 24 squares.",40,,,,"Bacon,Bell Pepper,Onion,Tomato,Basil,Mayonnaise,Garlic,Dough,Swiss Cheese",,https://images.media-allrecipes.com/userphotos/250x250/13703.jpg
Maple Roast Turkey  ,"Combine apple cider and maple syrup in a saucepan, and bring to a boil over medium-high heat. Continue cooking until reduced to 1/2 cup, then remove pan from heat. Stir in 1 tablespoon thyme, 1 tablespoon marjoram, and lemon zest. Stir in butter until melted, and season with salt and pepper. Cover, and refrigerate until cold.
Preheat oven to 375 degrees F (190 degrees C). Place rack in lower third of oven.
Place turkey on a rack set in a  roasting pan. Reserve 1/4 cup maple butter for gravy, and rub the remaining maple butter under the skin of the breast and over the outside of turkey. Arrange onion, celery, carrots turkey neck and giblets around the turkey. Sprinkle 1 tablespoon thyme and 1 tablespoon marjoram over vegetables. Pour 2 cups broth into pan.
Roast turkey for 30 minutes in the preheated oven. Reduce oven temperature to 350 degrees F (175 degrees C). Cover entire turkey loosely with foil. Continue roasting for about 2 1/2 hours, or until a meat thermometer inserted into thickest part of thigh registers 180 degrees F (85 degrees C). Transfer turkey to platter, and let stand 30 minutes.
Strain the pan juices into a large measuring cup, and then remove any excess fat.  Add enough chicken broth to pan juices to measure 3 cups. Transfer liquid to a saucepan, and bring to boil. In a small bowl, mix 1/4 cup maple butter and 1/3 cup flour until smooth. Whisk flour and butter mixture into broth mixture. Stir in remaining thyme and the bay leaf. Boil until reduced to sauce consistency, stirring occasionally, about 10 minutes. Mix in apple brandy, if desired. Season with salt and pepper to taste.
",390,,,,"Apple,Maple Syrup,Thyme,Marjoram,Lemon,Butter,Pepper,Turkey,Onion,Celery,Carrot,Chicken Broth,Flour,Bay Leaf,Brandy",,https://images.media-allrecipes.com/userphotos/560x315/4209891.jpg
Artichoke and Black Olive Baked Chicken  ,"Preheat oven to 350 degrees F (175 degrees C).
Place chicken breasts and drumsticks in a 9x13 inch baking dish, bone side down. Spread artichokes and olives around chicken, then mix wine and broth together in a small bowl and pour mixture all over chicken. Sprinkle with tarragon and season with salt and pepper to taste.
Bake at 350 degrees F (175 degrees C) for 1 hour, or until chicken is cooked through (juices run clear) and browned.",70,,,,"Chicken,Chicken,Artichoke,Olive,White Wine,Chicken Broth,Tarragon,Pepper",,https://images.media-allrecipes.com/userphotos/250x250/988364.jpg
Cheddar Quiche  ,"Preheat oven to 400 degrees F (200 degrees C). Lightly grease a 9 inch pie pan.
In a medium bowl, mix together the baking mix, 1/4 teaspoon salt, and pepper. Gradually mix in the milk until moistened. Knead a few times on a floured board. Roll dough out to a 12 inch circle, and press into the greased pie pan. Fold edges, and flute.
Place bacon and onion in a large, deep skillet over medium-high heat, and cook until bacon is evenly brown. Drain, and crumble bacon. Sprinkle bacon, onion, and Cheddar cheese into the pie pan.
In a medium bowl, beat eggs with 1 teaspoon salt and hot pepper sauce, then slowly stir in hot evaporated milk. Pour into the pie shell.
Bake 5 minutes in the preheated oven, then reduce heat to 350 degrees F (175 degrees C). Continue baking 25 minutes, or until center is almost set. Do not over bake - the quiche will set as it cools.",60,,,,"Baking Mix,Salt,Black Pepper,Milk,Bacon,Onion,Cheddar,Egg,Salt,Hot Pepper,Milk",,https://images.media-allrecipes.com/userphotos/560x315/3912777.jpg
Gazpacho  ,"In a blender or food processor, combine tomato juice, onion, bell pepper, cucumber, tomatoes, green onions, garlic, lemon juice, red wine vinegar, tarragon, basil, parsley, sugar, salt, and pepper. Blend until well-combined but still slightly chunky. Chill at least 2 hours before serving.",140,,,,"Tomato,Onion,Bell Pepper,Cucumber,Tomato,Green Onion,Garlic,Lemon Juice,Red Wine,Tarragon,Basil,Parsley,White Sugar,Pepper",,https://images.media-allrecipes.com/userphotos/560x315/4553206.jpg
Portuguese Sweet Bread I  ,"Add ingredients in order suggested by your manufacturer.
Select ""sweet bread"" setting.",185,,,,"Milk,Egg,Margarine,White Sugar,Salt,Bread,Yeast",,https://images.media-allrecipes.com/userphotos/560x315/2485663.jpg
Todd's Famous Blueberry Pancakes  ',"'In a large bowl, sift together flour, salt, baking powder and sugar. In a small bowl, beat together egg and milk. Stir milk and egg into flour mixture. Mix in the butter and fold in the blueberries. Set aside for 1 hour.",75,,,,"Flour,Salt,Baking Powder,White Sugar,Egg,Milk,Butter,Blueberry",,https://images.media-allrecipes.com/userphotos/560x315/686460.jpg
Pasta with Fresh Tomatoes and Corn  ,"In a large pot with boiling salted water cook pasta until al dente. Drain.
Meanwhile, in a large bowl whisk together the olive oil, red wine vinegar, and dried basil. Add salt and pepper to taste. Stir in the tomatoes, corn kernels, and scallions. Let sit for 5 to 10 minutes.
Toss pasta with tomato mixture. Sprinkle with grated parmesan cheese. Garnish with fresh basil, if desired.",30,,,,"Pasta,Olive,Red Wine,Corn,Tomato,Green Onion,Basil,Salt,Black Pepper,Parmesan,Basil",,https://images.media-allrecipes.com/userphotos/560x315/871791.jpg
Herman Biscuits  ,"Bring Herman Starter to room temperature.
Stir together flour, baking soda, baking powder and salt.
Stir flour mixture and oil into Herman Starter. It will form a soft dough.
On a lightly floured surface knead dough until smooth. Pinch off small pieces of dough and shape into balls OR roll dough out and cut with a biscuit cutter. Place biscuits onto a greased baking sheet, cover and let rise in a warm place for 1 hour.
Preheat oven to 350 degrees F (175 degrees C).
Bake in biscuits in the preheat oven for about 30 minutes or until golden. Serve warm.",120,,,,"Sourdough,Flour,Baking Soda,Baking Powder,Salt,Vegetable Oil",,https://images.media-allrecipes.com/userphotos/560x315/1105000.jpg
Grilled Chicken Salad with Seasonal Fruit  ,"Preheat the grill for high heat.
Lightly oil the grill grate. Grill chicken 8 minutes on each side, or until juices run clear. Remove from heat, cool, and slice.
Meanwhile, place pecans in a dry skillet over medium-high heat. Cook pecans until fragrant, stirring frequently, about 8 minutes. Remove from heat, and set aside.
In a blender, combine the red wine vinegar, sugar, vegetable oil, onion, mustard, salt, and pepper. Process until smooth.
Arrange lettuce on serving plates. Top with grilled chicken slices, strawberries, and pecans. Drizzle with the dressing to serve.",35,,,,"Chicken,Pecan,Red Wine,White Sugar,Vegetable Oil,Onion,Mustard,Salt,Pepper,Lettuce,Strawberry",,https://images.media-allrecipes.com/userphotos/560x315/3639764.jpg
Chocolate Chip Muffins I  ,"Preheat oven to 350 degrees F (175 degrees C). Lightly grease or line 12 muffin cups.
In a large mixing bowl, combine the flour, baking powder, sugar and salt. Stir in the milk, egg, butter and chocolate chips. Pour batter into prepared muffin cups or flat bottomed ice cream cones.
Bake in preheated oven for 15 to 20 minutes, until a toothpick inserted into the center of a muffin comes out clean.",30,,,,"Flour,Baking Powder,White Sugar,Salt,Milk,Egg,Butter,Chocolate",,https://images.media-allrecipes.com/userphotos/250x250/260791.jpg
Cheesy Ham and Hash Brown Casserole  ,"Preheat oven to 375 degrees F (190 degrees C). Lightly grease a 9x13 inch baking dish.
In a large bowl, mix hash browns, ham, cream of potato soup, sour cream, and Cheddar cheese. Spread evenly into prepared dish. Sprinkle with Parmesan cheese.
Bake 1 hour in the preheated oven, or until bubbly and lightly brown. Serve immediately.",75,,,,"Potato,Ham,Potato,Sour Cream,Cheddar,Parmesan",,https://images.media-allrecipes.com/userphotos/560x315/566024.jpg
"Summer Pasta with Basil, Tomatoes and Cheese  ","In a medium bowl, toss together tomatoes, garlic, basil, mint, salt and black pepper, hot pepper flakes, olive oil, and cream sherry.  Let stand at room temperature for up to 2 hours, stirring occasionally.
Cook the pasta In a large pot of boiling salted water until tender, but firm to the bite.
Drain the pasta, and transfer to a large serving bowl.  Drain 1/4 cup of the liquid from the tomato mixture, and toss with the pasta to coat.  Add cheese, and toss until it begins to melt.  Add the tomato mixture, and toss until mixed.",150,,,,"Tomato,Garlic,Basil,Mint,Salt,Black Pepper,Red Pepper,Olive,Sherry,Spaghetti,Cheese,Fontina",,https://images.media-allrecipes.com/userphotos/560x315/432654.jpg
Sourdough Bread III  ,"Mix all ingredients in a bread machine using the Manual cycle.  That''s usually two mix cycles of approximately 15 to 20 minutes with the rise cycle between them of about an hour.
Turn the dough out onto a lightly floured surface. Form the dough into a single round loaf. Place the loaf on a baking stone or baking sheet which has been lightly oiled and sprinkled with cornmeal. Cover loaf and let rise in a warm place until nearly doubled in size, about 40 minutes.
Preheat oven to 425 degrees F (220 degrees C).
Bake in preheated oven for 20 to 30 minutes, until golden brown and loaf sounds hollow when tapped. Let cool on a wire rack.",160,,,,"Yeast,Wheat Germ,Sugar,Salt,Bread,Sourdough,Margarine,Milk,Cornmeal",,https://images.media-allrecipes.com/userphotos/560x315/1009991.jpg
Boiled Raisin Cake I  ,"Boil raisins in 2 cups of water for 15 minutes.  Remove from heat.
Add vegetable oil and cold water to the raisins.
Mix sugar, flour, spices,  baking soda, and salt in a large bowl.
Add the raisin mixture, and stir till just mixed.
Pour into a greased and floured 9 x 13 inch baking pan, and bake for one hour in a preheated 350 degrees F (175 degrees C) oven. It is done if a toothpick comes out clean.",90,,,,"Raisin,Water,Vegetable Oil,Water,White Sugar,Flour,Cinnamon,Clove,Nutmeg,Baking Soda,Salt",,https://images.media-allrecipes.com/userphotos/250x250/16253.jpg
Chocolate Buzz Milkshake  ,"In a blender combine milk, ice cubes and espresso. Blend until smooth. Stop blender and scoop in the ice cream. Add the chocolate powder and a generous squeeze of chocolate syrup. Blend again until smooth. Pour into 2 tall glasses and serve immediately.",5,,,,"Milk,Ice,Coffee,Chocolate,Chocolate,Chocolate",,https://images.media-allrecipes.com/userphotos/250x250/666351.jpg
Easy Sausage Cheese Balls  ,"Preheat oven to 400 degrees F (200 degrees C).
In a medium bowl, combine the sausage, cheese, and dry baking mix. Mix together, and shape mixture into walnut-sized balls. Place on a foil-lined cookie sheet.
Bake for 12 to 15 minutes. Serve hot.",25,,,,"Sausage,Cheddar,Baking Mix",,https://images.media-allrecipes.com/userphotos/560x315/958961.jpg
Garlic Herbed Chicken  ,"Preheat an outdoor grill for high heat and lightly oil grate.
In a small bowl, whisk together garlic, dried tarragon, salt, ground black pepper and olive oil.
Place each chicken breast half on a piece of foil large enough to cover the chicken. Brush chicken with the garlic mixture.
Tightly seal chicken in the foil. Cook on the prepared grill approximately 40 minutes.
Remove from grill. Discard foil and juices. Place unwrapped chicken on the grill. Brushing frequently with remaining garlic mixture and turning often, continue cooking 5 to 10 minutes per side, or to desired doneness.",70,,,,"Garlic,Tarragon,Salt,Black Pepper,Olive,Chicken",,https://images.media-allrecipes.com/userphotos/560x315/410553.jpg
Kids Favorite Meatloaf  ,"In a large bowl, combine the ketchup, brown sugar and mustard and mix well. Remove 4 tablespoons of this mixture and reserve for later for the top of the loaves. To the mixture in the bowl, add the Worcestershire sauce, salt, onion, garlic, egg, milk and ground black pepper and mix together well.
Stir in the wheat cereal squares and let stand for 5 minutes. Then break up the cereal squares and add the ground beef, mixing well. Shape the mixture into the mini loaf pans you''ve decided to use.
Bake at 350 degrees F (175 degrees C) for 65 minutes. Brush on reserved ketchup mixture and bake for 15 more minutes.",100,,,,"Ketchup,Brown Sugar,Mustard,Worcestershire Sauce,Salt,Onion,Garlic,Egg,Milk,Black Pepper,Cereal,Ground Beef",,https://images.media-allrecipes.com/userphotos/560x315/702339.jpg
Pierogi Casserole  ,"Preheat oven to 350 degrees F (175 degrees C).
Place the potatoes in a large pot with water to cover over high heat. Bring to a boil and cook until the potatoes are tender. Remove from heat, drain, then combine with the milk and 6 tablespoons of butter, mash and set aside.
Melt the remaining 2 tablespoons of the butter in a large skillet over medium high heat. Saute the bacon, onion and garlic in the butter for 5 to 10 minutes, or until the bacon is fully cooked.
Cook the lasagna noodles according to package directions and cool under running water.
Place 1/2 of the mashed potatoes into the bottom of a 9x13 inch baking dish. Top this with 1/3 of the cheese, followed by a layer of lasagna noodles. Repeat this with the remaining potatoes, another 1/3 of the cheese and a layer of noodles. Then arrange the bacon, onion and garlic over the noodles, then another layer of noodles, and finally top all with the remaining cheese. Season with salt and pepper to taste.
Bake, uncovered, at 350 degrees F (175 degrees C) for 30 to 45 minutes, or until the cheese is melted and bubbly. Serve with sour cream and chopped fresh chives.
",90,,,,"Potato,Milk,Butter,Bacon,Onion,Garlic,Lasagna,Cheddar,Pepper,Sour Cream,Chive",,https://images.media-allrecipes.com/userphotos/560x315/749162.jpg
Mexican Baked Fish  ,"Preheat oven to 400 degrees F (200 degrees C). Lightly grease one 8x12 inch baking dish.
Rinse fish fillets under cold water, and pat dry with paper towels. Lay fillets side by side in the prepared baking dish. Pour the salsa over the top, and sprinkle evenly with the shredded cheese. Top with the crushed corn chips.
Bake, uncovered, in the preheated oven for 15 minutes, or until fish is opaque and flakes with a fork. Serve topped with sliced avocado and sour cream.
",30,,,,"Cod,Salsa,Cheddar,Corn,Avocado,Sour Cream",,https://images.media-allrecipes.com/userphotos/250x250/1014287.jpg
Vegetable Medley II  ,"Spray a large skillet with cooking spray and add tomatoes. Cook over medium heat for 5 minutes and add garlic pepper. Stir in mushrooms, squash, and zucchini. Simmer until vegetables are tender-crisp, 10 to 15 minutes.
",35,,,,"Cooking Spray,Tomato,Garlic,Mushroom,Yellow Squash,Zucchini",,https://images.media-allrecipes.com/userphotos/560x315/717953.jpg
Shrimp Dip I  ,"In a medium bowl, beat softened cream cheese and undiluted cream of shrimp soup together until fluffy. Stir in shrimp.
Microwave for about 2 minutes, or until warm.  Sprinkle chopped green onion on top.
",17,,,,"Shrimp,Cream Cheese,Shrimp,Green Onion",,https://images.media-allrecipes.com/userphotos/250x250/719589.jpg
Seafood Newburg  ,"Combine butter, flour and salt in a saucepan. Cook for two minutes. Slowly pour in milk and bring mixture to a boil.
Stir sherry into the mixture (to taste), paprika, catsup and Worcestershire sauce. Place seafood in the saucepan and heat thoroughly. Serve hot.
",15,,,,"Butter,Flour,Salt,Milk,Sherry,Paprika,Ketchup,Worcestershire Sauce,Shrimp",,https://images.media-allrecipes.com/userphotos/560x315/1022820.jpg
Favorite Green Bean Casserole  ,"Preheat oven to 350 degrees F (175 degrees C).
In a medium saucepan over medium heat, place the green beans in water, and bring to a boil. Cover, and cook 6 minutes, until tender. Remove from heat, and drain.
In an 8x8 inch baking dish, mix together the cream of mushroom soup, milk, pimentos, and pepper. Stir in the green beans. Sprinkle with French-fried onions.
Bake, uncovered, 30 to 40 minutes in the preheated oven,  until the casserole is hot and bubbly in the center.
",60,,,,"Green Bean,Water,Mushroom,Milk,Pimento,Black Pepper,Onion",,https://images.media-allrecipes.com/userphotos/560x315/25721.jpg
Melt in Your Mouth Mint Brownies  ,"Prepare brownie mix according to package directions. Spread into a 9x13 inch pan and bake as directed.
Unwrap mint wafer candies while brownies are baking in the oven. When the brownies are done, place mint wafer candies side by side onto the top of the hot brownies and let them sit for a minute to soften. Using a knife or spatula, gently swirl melted candy over surface of brownies.  Allow to cool a few hours so the candy hardens.  Cut into bars.
",40,,,,"Brownie,Chocolate",,https://images.media-allrecipes.com/userphotos/250x250/621714.jpg
Aussie Chicken  ,"Rub the chicken breasts with the seasoning salt, cover and refrigerate for 30 minutes.
Preheat oven to 350 degrees F (175 degrees C). Place bacon in a large, deep skillet. Cook over medium high heat until crisp. Set aside.
In a medium bowl, combine the mustard, honey, corn syrup, mayonnaise and dried onion flakes. Remove half of sauce, cover and refrigerate to serve later.
Heat oil in a large skillet over medium heat. Place the breasts in the skillet and saute for 3 to 5 minutes per side, or until browned. Remove from skillet and place the breasts into a 9x13 inch baking dish. Apply the honey mustard sauce to each breast, then layer each breast with mushrooms and bacon. Sprinkle top with shredded cheese.
Bake in preheated oven for 15 minutes, or until cheese is melted and chicken juices run clear. Garnish with parsley and serve with the reserved honey mustard sauce.
",80,,,,"Chicken,Salt,Bacon,Mustard,Honey,Corn Syrup,Mayonnaise,Onion,Vegetable Oil,Mushroom,Monterey Jack,Parsley",,https://images.media-allrecipes.com/userphotos/250x250/708833.jpg
Layered Eggplant Hamburger Casserole  ,"Preheat oven to 350 degrees F (175 degrees C).
In a large skillet over medium heat, saute the ground beef, onion and garlic for 5 to 10 minutes. Drain excess fat. Stir in the tomato paste, water, tomatoes, parsley, thyme, oregano and basil. Set aside.
Slice eggplant into 1/4-inch rounds. Place a layer of eggplant into the bottom of a lightly greased 9x12-inch glass baking dish. Then place a layer of the ground beef mixture over the eggplant, followed by a layer of sliced onion. Top this with 1/2 the breadcrumbs and cheese. Then repeat the layers: eggplant, ground beef mixture, sliced onion and remaining breadcrumbs and cheese.
Cover and bake at 350 degrees F (175 degrees C) for 1 hour, remove foil and bake for 20 more minutes.
",100,,,,"Ground Beef,Onion,Garlic,Tomato,Water,Tomato,Parsley,Thyme,Oregano,Basil,Eggplant,Onion,Bread,Parmesan",,https://images.media-allrecipes.com/userphotos/250x250/989836.jpg
Something Different Sweet Rolls  ,"Dissolve yeast in warm water and let stand until creamy, about ten minutes. In a large bowl, combine the cake mix and flour. Slowly add the yeast and water mixture and stir until smooth. Cover the bowl and let dough rise in a warm place until doubled in volume, about 1 hour.
Grease a 10x15 inch baking pan with high sides, or two 9x13 inch pans. With a spatula, scoop the dough out onto a heavily floured surface. Dust the top and roll or pat the dough into a large rectangle, about 12x24 inches. Brush dough with the melted butter or margarine. Combine sugar and cinnamon in a small bowl and sprinkle over the dough. Roll up dough jelly roll fashion and seal edge with a little water. Cut the roll into 1 1/2 to 2 inch slices. Place snugly into the prepared pan. Let rise in a warm place for about 1/2 hour or until doubled.
Preheat oven to 350 degrees F (175 degrees C)
While rolls are rising, combine butter or margarine, corn syrup and brown sugar in a heavy saucepan. Cook over low heat, stirring occasionally, until smooth. Remove from heat.  When rolls have risen, pour the syrup over the tops of the rolls, letting it dribble down into the pan. Sprinkle rolls with pecans and bake at 350 degrees F (175 degree C) for 25 minutes or until golden brown.
",150,,,,"Yeast,Water,Cake,Flour,Margarine,White Sugar,Cinnamon,Margarine,Corn Syrup,Brown Sugar",,https://images.media-allrecipes.com/userphotos/250x250/193669.jpg
Herb Roasted Vegetables  ,"Preheat oven to 450 degrees F (230 degrees C).
Combine potatoes, carrots, and onion in an ungreased 13x9 inch baking pan. Combine olive oil, lemon juice, garlic, rosemary, oregano, salt and pepper to taste in a small mixing bowl. Drizzle the mixture over the vegetables.
Bake for 20 minutes.
Remove the baking dish from the oven and add eggplant and bell pepper. Toss to combine the eggplant and bell pepper with the other vegetables. Return the pan to the oven.
Bake for 13 to 15 more minutes or until the vegetables and tender and brown on the edges. Serve hot.
",55,,,,"Potato,Carrot,Onion,Olive,Lemon Juice,Garlic,Rosemary,Oregano,Pepper,Eggplant,Bell Pepper",,https://images.media-allrecipes.com/userphotos/560x315/1450.jpg
USMC SOS  ,"Brown the ground beef in a medium skillet over medium-high heat, until meat is no longer pink. Drain excess fat and set aside.
Melt the butter or margarine in a medium saucepan over medium heat. Slowly add the flour, stirring constantly, to form a brown roux.
Pour in beef broth and milk, mixing well. Add ground beef, then season with salt and pepper to taste.
",30,,,,"Ground Beef,Butter,Flour,Beef,Milk,Pepper",,https://images.media-allrecipes.com/userphotos/250x250/66598.jpg
Seafood Au Gratin  ,"Preheat oven to 400 degrees F (200 degrees C). Lightly butter 8 small baking dishes.
In a large skillet, heat olive oil over medium high heat. Saute shrimp and scallops until firm, about 5 minutes.
In a medium saucepan, melt butter over medium heat. Stir in flour until smooth. Gradually add chicken broth and raise heat to high. Stir until thickened. Mix in shallots, mushrooms and wine. Cook for 5 to 10 minutes.
Arrange shrimp, scallops and crab in the bottom of prepared dishes. Pour sauce over seafood and cover with cheese.
Bake in preheated oven until golden, about 12 t o15 minutes. Sprinkle with parsley and serve.
",50,,,,"Olive,Shrimp,Scallop,Butter,Flour,Chicken Broth,Shallot,Mushroom,White Wine,Crab,Cheese,Parmesan,Parsley",,https://images.media-allrecipes.com/userphotos/560x315/5942577.jpg
Italian Sausage Soup  ,"In a stockpot or Dutch oven, brown sausage with garlic.  Stir in  broth, tomatoes and carrots, and season with salt and pepper. Reduce heat, cover, and simmer 15 minutes.
Stir in beans with liquid and zucchini. Cover, and simmer another 15 minutes, or until zucchini is tender.
Remove from heat, and add spinach.  Replace lid allowing the heat from the soup to cook the spinach leaves.  Soup is ready to serve after 5 minutes.
",50,,,,"Sausage,Garlic,Beef,Tomato,Carrot,Bean,Zucchini,Spinach,Black Pepper,Salt",,https://images.media-allrecipes.com/userphotos/560x315/521051.jpg
Hot Artichoke Dip  ,"Preheat oven to 325 degrees F (165 degrees C). Lightly grease a medium baking dish.
Blend together the cheese, mayonnaise and whipping cream. Stir in the artichokes, green onions and pimentos. Mix well, and transfer to the prepared baking dish.
Bake 25 minutes in the preheated oven, until lightly browned.
",35,,,,"Parmesan,Mayonnaise,Whipping Cream,Artichoke,Green Onion,Pimento",,https://images.media-allrecipes.com/userphotos/250x250/25826.jpg
Dill Dip I  ,"In a mixing bowl, combine sour cream, mayonnaise, celery salt, onion flakes, garlic salt, dill weed, monosodium glutamate and parsley flakes. Serve immediately, or chill overnight to enjoy the full flavor of the herbs.
",10,,,,"Sour Cream,Mayonnaise,Celery,Onion,Garlic,Dill,Sodium,Parsley",,https://images.media-allrecipes.com/userphotos/560x315/592528.jpg
Cheesy Vegetable Chowder   ,"In a large pot over medium heat, combine water, bouillon, potatoes and garlic.  Bring to a boil, then stir in onion, celery and carrots.  Reduce heat and simmer 15 minutes.
Stir in corn, peas and green beans and continue to cook on low heat.
Meanwhile, in a medium saucepan over medium heat, melt butter.  Whisk in flour all at once to form a roux and let cook 10 seconds.  Whisk in milk, a little at a time, and cook, stirring, until mixture is thick and bubbly.  Stir in cheese until melted.  Pour this mixture into the large soup pot, stir well and heat through.
",45,,,,"Water,Chicken,Potato,Garlic,Onion,Celery,Carrot,Corn,Pea,Green Bean,Butter,Flour,Milk,Cheese",,https://images.media-allrecipes.com/userphotos/560x315/3061860.jpg
Apple,"Preheat oven to 375  degrees F (190 degrees C).  Butter a shallow, 1-quart baking dish.
In a medium bowl, combine melted butter and brioche.  Line the bottom of the baking dish with one-third of the mixture.
In another bowl, combine rhubarb, apple, brown sugar, cinnamon, nutmeg, lemon juice and zest.  Let rest until juices begin to run, 5 minutes.  Then spread half of the mixture over the brioche in the dish.  Top with half the remaining brioche.  Spread the remaining rhubarb over that and top with the last of the brioche.  Dot with 1 tablespoon butter.  Spoon the warm water evenly over the top.
Cover and bake in preheated oven 25 to 35 minutes, until rhubarb is tender.  Increase oven temperature to 400 degrees F (200 degrees C), uncover dish, and bake until top is crusty, rhubarb is soft, and bubbles form at the edges of the dish, 10 to 15 minutes.  Serve warm.
",55,,,,"Butter,Pie,Rhubarb,Apple,Brown Sugar,Cinnamon,Nutmeg,Lemon,Butter,Water",,https://images.media-allrecipes.com/userphotos/560x315/962939.jpg
Clam Chowder III  ,"In a blender, combine onion, garlic and enough water to make a smooth paste.  Set aside.
In a large pot, combine potatoes, celery, salt, pepper, onion mixture and juice from clams.  Augment with enough water to cover.  Bring to a boil, then reduce heat and simmer until potatoes are soft, 20 minutes.
Stir in half-and-half and sugar.  Combine melted butter and flour, then whisk into soup.  Cook and stir until thickened.  Stir in clams and adjust seasonings.
",45,,,,"Onion,Garlic,Potato,Celery,Salt,Black Pepper,Clam,Cream,White Sugar,Butter,Flour",,https://images.media-allrecipes.com/userphotos/560x315/1115967.jpg
Camp Cornbread  ,"Preheat oven to 350 degrees F (175 degrees C). Lightly grease a 9x13 inch baking pan.
Place the muffin mix a large mixing bowl. Stir in the milk and egg. Mix in the cream corn and sugar. Pour batter into prepared pan.
Bake in preheated oven for 30 minutes, or until a knife inserted into the center of pan comes out clean.
",35,,,,"Muffin,Milk,Egg,Cream,White Sugar",,https://images.media-allrecipes.com/userphotos/250x250/895205.jpg
Old,"'Spray two cookie sheets with non-stick spray coating.
In a 4 quart saucepan over medium-high heat, combine the sugar, corn syrup and water. Heat to boiling and add peanuts. Cook until peanuts become golden in color and syrup mixture beads off nuts when raised out of pan. Quickly mix in the salt and baking soda until well blended.
Pour the mixture onto the prepared cookie sheets. Allow mixture to spread on it''s own. Cool completely, and break into pieces. Store in air-tight container or plastic bag.
'",75,,,,"White Sugar,Corn Syrup,Water,Peanut,Salt,Baking Soda",,https://images.media-allrecipes.com/userphotos/250x250/63761.jpg
Jill's Vegetable Chili,"In a large pot over medium heat, cook turkey until browned.  Stir in onions, cover and cook 5 minutes.
Stir in garlic, chili powder, cumin and cinnamon and cook until fragrant, about a minute.  Pour in tomatoes and bring to a boil.  Stir in broth, kidney beans, pinto beans and corn and bring to a boil again.  Then reduce heat and simmer 10 minutes, or until thoroughly heated.
",45,,,,"Turkey,Onion,Garlic,Chili,Cumin,Cinnamon,Tomato,Chicken Broth,Bean,Bean,Corn",,https://images.media-allrecipes.com/userphotos/560x315/1669750.jpg
Lime Spareribs  ,"Cut ribs into serving size pieces and place in a 9x13 inch baking dish. Preheat oven to 325 degrees F (165 degrees C).
In a medium saucepan saute onion, garlic and mushrooms in oil until tender. Add vinegar, honey, lime juice, mustard, salt, pepper, soy sauce, water and chili sauce and mix together well. Warm mixture throughout.
Pour this sauce over the ribs and bake in the preheated oven for 1 hour or until ribs are tender and internal temperature has reached 160 degrees F (70 degrees C). Baste often with sauce.
",75,,,,"Pork,Onion,Garlic,Mushroom,Olive,Red Wine,Honey,Lime Juice,Mustard,Salt,Black Pepper,Soy Sauce,Water,Chili",,https://images.media-allrecipes.com/userphotos/560x315/3759619.jpg
Lemon Cream Pasta with Chicken  ,"Preheat oven to 350 degrees F (175 degrees C).  Place chicken in a lightly greased baking dish.  Squeeze lemon over both sides of the chicken breasts and season both sides using 1 1/2 teaspoons garlic powder and 3/4 teaspoon pepper.  Bake for 40 minutes, or until juices run clear and chicken is no longer pink inside.
Meanwhile, in a large saucepan, season the chicken broth with the remaining 1/2 teaspoon garlic powder and 1/4 teaspoon pepper.  Bring to a boil and add lemon juice and pasta.  Cook over medium heat, stirring occasionally, until all liquid is absorbed, about 25 minutes.
Cut cooked chicken into bite-sized pieces and stir into cooked pasta, along with the cream and lemon zest.  Cook, stirring, over low heat for 5 minutes.  Remove from heat and let stand 5 minutes.  Stir thoroughly before serving.
",70,,,,"Chicken,Lemon,Garlic,Black Pepper,Chicken Broth,Lemon Juice,Pasta,Cream,Lemon",,https://images.media-allrecipes.com/userphotos/250x250/259483.jpg
Dill Cucumber Dip  ,"Place cream cheese in a medium bowl. Beat until smooth. Stir in cucumbers, mayonnaise, fresh lemon juice, dill weed and hot pepper sauce.
",5,,,,"Cream Cheese,Cucumber,Mayonnaise,Lemon Juice,Dill,Hot Pepper",,https://images.media-allrecipes.com/userphotos/250x250/75153.jpg
Sausage Potato Bake  ,"For oven: Preheat oven to 350 degrees F (175 degrees C).
In a 4 quart casserole dish, combine the potatoes, kielbasa OR sausage, mushroom soup and vegetable beef soup. Mix together well.
Bake at 350 degrees F (175 degrees C) for 1 1/2 hours.
For slow cooker: Place the potatoes, kielbasa OR sausage, mushroom soup and vegetable soup in a slow cooker.
Cook on low setting for 6 to 8 hours.
",105,,,,"Potato,Sausage,Mushroom,Vegetable",,https://images.media-allrecipes.com/userphotos/560x315/8952.jpg
Adrienne's Tom Ka Gai  ',"In a large saucepan over medium heat, heat peanut oil.  Stir in garlic, ginger, lemon grass, red pepper, coriander and cumin and cook until fragrant, 2 minutes.  Stir in chicken and onion and cook, stirring, until chicken is white and onion is translucent, 5 minutes.  Stir in bok choy and cook until it begins to wilt, 5 to 10 minutes.  Stir in water, coconut milk, fish sauce and cilantro.  Simmer until chicken is thoroughly cooked and flavors are well blended, 30 minutes.
",60,,,,"Peanut Oil,Garlic,Ginger,Lemon,Red Pepper,Coriander,Cumin,Chicken,Onion,Bok Choy,Water,Coconut,Sauce,Cilantro",,https://images.media-allrecipes.com/userphotos/250x250/214855.jpg
Key Lime Pie IX  ,"In a medium bowl, blend together condensed milk, lime juice and zest. Mix in egg yolks and whole egg. Pour mixture into crust, then cover and refrigerate for 1 hour.
Preheat oven to 350 degrees F (175 degrees C).
To Make Meringue: In a large glass or metal mixing bowl, beat egg whites until foamy. Gradually add sugar, continuing to beat until whites form stiff peaks. Spread meringue over pie, covering completely.
Bake in preheated oven for 15 minutes. Chill before serving.
",95,,,,"Milk,Lime Juice,Lime,Egg,Egg,Ham,Egg,White Sugar",,https://images.media-allrecipes.com/userphotos/250x250/405093.jpg
Crema de Calabazines  ,"'Clean and quarter zucchini and potatoes. Peel and chop onion. In a large pot boil zucchini, potatoes and onion in water (just covering them) until very tender. Drain vegetables, but retain stock.
In a blender, or with a hand blender, puree the cheese, zucchini, potatoes, onion and bouillon while adding stock, until desired consistency is reached. (If you''re using a blender, do this in two batches.)
Pour mixture back into large pot and bring to a boil. Salt and pepper to taste.
'",45,,,,"Zucchini,Potato,Onion,Cream,Chicken,Pepper",,https://images.media-allrecipes.com/userphotos/560x315/960941.jpg
Curry Chicken Salad  ,"Place eggs in a saucepan and cover completely with cold water. Bring water to a boil. Cover, remove from heat, and let eggs stand in hot water for 10 to 12 minutes. Remove from hot water, cool, peel and chop.
In a large bowl, combine the chicken, celery, eggs, green onions, dill relish, curry and mayonnaise. Stir together until mixed well. Refrigerate until chilled.
",60,,,,"Egg,Chicken,Celery,Green Onion,Pickles,Curry,Mayonnaise",,https://images.media-allrecipes.com/userphotos/560x315/683904.jpg
Slow Cooker Macaroni and Cheese I  ,"Coat the inside of the slow cooker with cooking spray.
In a large bowl, beat eggs with fresh and evaporated milks. Mix in uncooked macaroni and 3 cups shredded cheese.  Stir in salt and black pepper. Transfer to slow cooker, and sprinkle remaining 1 cup cheese on top.
Cook on low for 5 to 6 hours. Do not stir or remove lid while cooking.
",370,,,,"Cooking Spray,Egg,Milk,Milk,Macaroni,Cheddar,Salt,Black Pepper",,https://images.media-allrecipes.com/userphotos/560x315/445072.jpg
Bacon Roll Ups II  ,"Preheat oven to 350 degrees F (175 degrees C).
Cut each slice of white bread in half horizontally. Spread with cream cheese. Tightly roll each piece of bread with half a piece of bacon. The bacon should be on the outside of the bread. Secure with toothpicks.
Arrange roll ups in a single layer on a medium baking dish. Bake in the preheated oven 30 minutes, or until bacon is no longer pink and bread is lightly browned. Serve warm.
",55,,,,"Bread,Cream Cheese,Bacon",,https://images.media-allrecipes.com/userphotos/250x250/625552.jpg
Easy Chicken Taco Filling  ,"Saute onion and bell pepper in a medium skillet until soft.
Place chicken breasts on top of saute mixture and spray with cooking spray.
Fry chicken with saute mixture until browned and cooked through, cutting or shredding chicken while it cooks.
",30,,,,"Chicken,Onion,Bell Pepper",,https://images.media-allrecipes.com/userphotos/560x315/492421.jpg
Sour Cream Dressing  ,"Whisk together the oil, vinegar, sour cream, salt, mustard, sugar, parsley, garlic and pepper.  Refrigerate at least 6 hours before serving.",370,4,Western,Brunch,"Olive,Red Wine,Sour Cream,Salt,Mustard,White Sugar,Parsley,Garlic,Black Pepper",,https://images.media-allrecipes.com/userphotos/250x250/1017502.jpg
European Black Bread  ,"Place the ingredients in the pan of the bread machine in the order suggested by the manufacturer. Select Normal setting, and then press Start.",185,2,Western,Breakfast,"Water,Vinegar,Bread,Flour,Bran,Margarine,White Sugar,Salt,Caraway,Onion,Cocoa Powder,Yeast","207,3.7,",https://images.media-allrecipes.com/userphotos/560x315/698.jpg
Strawberry Cake IV  ,"Preheat oven to 325 degrees F (165 degrees C). Grease and flour a 9x13 inch pan.
In a large bowl, stir together cake mix and gelatin mix. Make a well in the center and pour in water, oil, and eggs. Stir in half of the container of strawberries. Beat on low speed until blended. Scrape bowl, and beat 4 minutes on medium speed.
Pour batter into prepared pan. Bake in the preheated oven for 30 minutes, or until a toothpick inserted into the center of the cake comes out clean. Allow to cool.
To make the Strawberry Frosting: In a large bowl combine margarine, confectioners'' sugar and the remaining half of the frozen strawberries. Beat on high speed until creamy. Add milk a tablespoon at a time until desired spreading consistency is achieved. Spread on cooled cake.",90,1,Western,Dessert,"Cake,Strawberry,Water,Vegetable Oil,Egg,Strawberry,Margarine,Sugar,Strawberry,Milk",,https://images.media-allrecipes.com/userphotos/560x315/246549.jpg
Kalamata Olive and Garlic Bread  ,"In a medium bowl dissolve sugar in 1/2 cup warm water. To proof yeast, stir in yeast and let stand for 5 to 10 minutes in a warm place.
Preheat oven to 105 degree F (40 degrees C). Warm an oven-safe bowl in the oven.
Place flour in bowl of food processor. Add salt and pulse for a few seconds.
Start food processor. Pour proofed yeast into flour through hole. Immediately add the additional 3/4 cup warm water, then the olive oil. Process for about 1 minute or until dough ball cleans the sides of the processor bowl. If dough is too wet add a little flour through the top while processing, or if too dry, add a little more water.
Turn off food processor. Remove lid and transfer dough to the heated bowl. Cover with a plate or plastic wrap.
Let rise for a half hour in a warm place, like the lukewarm oven.
In a small bowl, combine minced garlic and chopped olives. Set aside.
Once dough has risen, transfer dough to a lightly floured board. Make an indentation in the dough and place olive mixture inside. Knead dough 10 times. Bulk of mixture should remain in middle of dough. Form dough into a log or round loaf shape.
Grease a pie pan (for a round loaf) or a baking sheet (for a log) and dust with cornmeal. Place loaf on prepared pan, cover with greased plastic wrap, and let rise until doubled, about 30 minutes.
Preheat oven to 350 degrees F (175 degrees C).
Bake bread in preheated oven until browned and loaf sounds hollow when tapped, about 30 minutes. Remove from oven and cool on a wire rack.
",120,6,Western,Snack,"Flour,Water,White Sugar,Yeast,Salt,Olive,Garlic,Olive,Cornmeal",,https://images.media-allrecipes.com/userphotos/560x315/870418.jpg
Gooey Bars  ,"Preheat oven to 350 degrees F (175 degrees C). Grease a 9x13 inch pan.
In a large bowl, mix together the cake mix, melted butter and 1 egg until smooth. Batter will be thick. Spread evenly into the bottom of the prepared pan. Next, sprinkle the chocolate chips over the layer of dough. Finally, beat the cream cheese, 2 eggs and confectioners'' sugar together in a medium bowl until smooth. Pour as evenly as you can over the chocolate chips.
Bake for 35 to 40 minutes in the preheated oven, until the top is set. Let cool for at least 30 minutes before cutting into bars.",55,6,Western,Dessert,"Cake,Butter,Egg,Chocolate,Cream Cheese,Egg,Sugar",,https://images.media-allrecipes.com/userphotos/560x315/1438606.jpg
